iter,year,data_incidence,data_hospitalizations,data_mortality,data_vacDoses,data_H1_0,data_H1_5,data_H1_25,data_H1_65,data_H3_0,data_H3_5,data_H3_25,data_H3_65,data_B_0,data_B_5,data_B_25,data_B_65,infectious_period_0,infectious_period_15,proportionHighRisk_0,proportionHighRisk_2,proportionHighRisk_5,proportionHighRisk_19,proportionHighRisk_25,proportionHighRisk_50,proportionHighRisk_65,seasonal_vaccineEfficacy_H1_0,seasonal_vaccineEfficacy_H1_0.5,seasonal_vaccineEfficacy_H1_9,seasonal_vaccineEfficacy_H1_18,seasonal_vaccineEfficacy_H1_50,seasonal_vaccineEfficacy_H1_65,seasonal_vaccineEfficacy_H3_0,seasonal_vaccineEfficacy_H3_0.5,seasonal_vaccineEfficacy_H3_9,seasonal_vaccineEfficacy_H3_18,seasonal_vaccineEfficacy_H3_50,seasonal_vaccineEfficacy_H1_65,seasonal_vaccineEfficacy_B_0,seasonal_vaccineEfficacy_B_0.5,seasonal_vaccineEfficacy_B_9,seasonal_vaccineEfficacy_B_18,seasonal_vaccineEfficacy_B_50,seasonal_vaccineEfficacy_H1_65,relative_vaccineEfficacyVsHospitalization_H1_0,relative_vaccineEfficacyVsHospitalization_H1_0.5,relative_vaccineEfficacyVsHospitalization_H1_16,relative_vaccineEfficacyVsHospitalization_H1_65,relative_vaccineEfficacyVsHospitalization_H3_0,relative_vaccineEfficacyVsHospitalization_H3_0.5,relative_vaccineEfficacyVsHospitalization_H3_16,relative_vaccineEfficacyVsHospitalization_H3_65,relative_vaccineEfficacyVsHospitalization_B_0,relative_vaccineEfficacyVsHospitalization_B_0.5,relative_vaccineEfficacyVsHospitalization_B_16,relative_vaccineEfficacyVsHospitalization_B_65,relative_vaccineEfficacyVsDeath_H1_0,relative_vaccineEfficacyVsDeath_H1_0.5,relative_vaccineEfficacyVsDeath_H1_18,relative_vaccineEfficacyVsDeath_H1_65,relative_vaccineEfficacyVsDeath_H3_0,relative_vaccineEfficacyVsDeath_H3_0.5,relative_vaccineEfficacyVsDeath_H3_18,relative_vaccineEfficacyVsDeath_H3_65,relative_vaccineEfficacyVsDeath_B_0,relative_vaccineEfficacyVsDeath_B_0.5,relative_vaccineEfficacyVsDeath_B_18,relative_vaccineEfficacyVsDeath_B_65,relative_highRiskvaccineEfficacyVsDeath_H1_0,relative_highRiskvaccineEfficacyVsDeath_H1_0.5,relative_highRiskvaccineEfficacyVsDeath_H1_18,relative_highRiskvaccineEfficacyVsDeath_H1_65,relative_highRiskvaccineEfficacyVsDeath_H3_0,relative_highRiskvaccineEfficacyVsDeath_H3_0.5,relative_highRiskvaccineEfficacyVsDeath_H3_18,relative_highRiskvaccineEfficacyVsDeath_H3_65,relative_highRiskvaccineEfficacyVsDeath_B_0,relative_highRiskvaccineEfficacyVsDeath_B_0.5,relative_highRiskvaccineEfficacyVsDeath_B_18,relative_highRiskvaccineEfficacyVsDeath_B_65,relative_prob_death_0,relative_prob_death_5,relative_prob_death_18,relative_prob_death_50,relative_prob_death_65,ratio_death_strain_H1_0,ratio_death_strain_H1_5,ratio_death_strain_H1_18,ratio_death_strain_H1_50,ratio_death_strain_H1_65,ratio_death_strain_H1_75,ratio_death_strain_H3_0,ratio_death_strain_H3_5,ratio_death_strain_H3_18,ratio_death_strain_H3_50,ratio_death_strain_H3_65,ratio_death_strain_H3_75,ratio_death_highrisk_H1_0,ratio_death_highrisk_H1_5,ratio_death_highrisk_H1_18,ratio_death_highrisk_H1_50,ratio_death_highrisk_H1_65,ratio_death_highrisk_H1_75,ratio_death_highrisk_H3_0,ratio_death_highrisk_H3_5,ratio_death_highrisk_H3_18,ratio_death_highrisk_H3_50,ratio_death_highrisk_H3_65,ratio_death_highrisk_H3_75,ratio_death_highrisk_B_0,ratio_death_highrisk_B_5,ratio_death_highrisk_B_18,ratio_death_highrisk_B_50,ratio_death_highrisk_B_65,ratio_death_highrisk_B_75,relative_prob_hosp_0,relative_prob_hosp_5,relative_prob_hosp_18,relative_prob_hosp_50,relative_prob_hosp_65,ratio_hosp_highrisk_H1_0,ratio_hosp_highrisk_H1_5,ratio_hosp_highrisk_H1_18,ratio_hosp_highrisk_H1_50,ratio_hosp_highrisk_H1_65,ratio_hosp_highrisk_H1_75,ratio_hosp_highrisk_H3_0,ratio_hosp_highrisk_H3_5,ratio_hosp_highrisk_H3_18,ratio_hosp_highrisk_H3_50,ratio_hosp_highrisk_H3_65,ratio_hosp_highrisk_H3_75,ratio_hosp_highrisk_B_0,ratio_hosp_highrisk_B_5,ratio_hosp_highrisk_B_18,ratio_hosp_highrisk_B_50,ratio_hosp_highrisk_B_65,ratio_hosp_highrisk_B_75,lowRiskhospitalizationRate_H1_0,lowRiskhospitalizationRate_H1_5,lowRiskhospitalizationRate_H1_18,lowRiskhospitalizationRate_H1_50,lowRiskhospitalizationRate_H1_65,lowRiskhospitalizationRate_H1_75,lowRiskhospitalizationRate_H3_0,lowRiskhospitalizationRate_H3_5,lowRiskhospitalizationRate_H3_18,lowRiskhospitalizationRate_H3_50,lowRiskhospitalizationRate_H3_65,lowRiskhospitalizationRate_H3_75,lowRiskhospitalizationRate_B_0,lowRiskhospitalizationRate_B_5,lowRiskhospitalizationRate_B_18,lowRiskhospitalizationRate_B_50,lowRiskhospitalizationRate_B_65,lowRiskhospitalizationRate_B_75,highRiskhospitalizationRate_H1_0,highRiskhospitalizationRate_H1_5,highRiskhospitalizationRate_H1_18,highRiskhospitalizationRate_H1_50,highRiskhospitalizationRate_H1_65,highRiskhospitalizationRate_H1_75,highRiskhospitalizationRate_H3_0,highRiskhospitalizationRate_H3_5,highRiskhospitalizationRate_H3_18,highRiskhospitalizationRate_H3_50,highRiskhospitalizationRate_H3_65,highRiskhospitalizationRate_H3_75,highRiskhospitalizationRate_B_0,highRiskhospitalizationRate_B_5,highRiskhospitalizationRate_B_18,highRiskhospitalizationRate_B_50,highRiskhospitalizationRate_B_65,highRiskhospitalizationRate_B_75,vac_eff_hospitalization,vac_eff_mortality,prob_outpatient_lowrisk_0,prob_outpatient_lowrisk_5,prob_outpatient_lowrisk_18,prob_outpatient_lowrisk_65,prob_outpatient_highrisk_0,prob_outpatient_highrisk_5,prob_outpatient_highrisk_18,prob_outpatient_highrisk_65
0,2011-12,9992591.40938761,168715.12421789506,12538.033300326924,132000000.0,3.03266407,7.138148037000001,7.935271202000001,0.7731495359999999,11.09979023,21.86394966,19.97003296,14.69583458,1.965837579,6.76056338,3.6559784239999997,1.108780342,4.382402396634588,3.861782234825045,0.04475041287295947,0.09516435910589259,0.11697801236943266,0.12033762457195743,0.15392221341053558,0.3094147070628674,0.46654145697532534,55.023811187430454,60.328664654655825,53.12614254043571,75.30041126823447,68.19522630008154,55.20338593092444,0,31.00217317051977,32.122093588284855,19.63638882397952,37.131145094953176,19.97258566745907,36.54172939038635,55.43505362370169,64.7996596796719,56.28933912750681,54.785484815745306,63.42485691348675,0,1,0.4965428108265962,1.0682722572629049,0,1,0.8035050786435055,0.8285238408516595,0,1,0.42771989008770717,0.4396315110522653,0,1,1.3903830826935666,0.4233108848767384,0,1,1.8441957969538696,0.2050912506384773,0,1,1.099911222625714,0.3496781568047969,0,1,1.8312880386772976,0.4636935863769307,0,1,1.6350552542947856,0.47775931107236597,0,1,2.17568392437072,0.96034535920309,1,0.20693035103500074,3.5612807960483073,14.558079146195753,425.75809481322295,0.444,0.5882,0.1245,0.0277,0.0016,0,1.333,0.8823,1.5897,2.7944,3.1693,1.4822,0.45454545454545453,0.6666666666666666,1.2666666666666666,12.0,1.0,1.0,0.3333333333333333,0.5789473684210527,1.5680473372781065,3.9794238683127574,5.812925170068027,2.6589981447124305,0.44,2.7777777777777777,1.2941176470588236,3.046728971962617,5.945054945054945,2.997979797979798,1,0.06746683863638031,0.43477375532695,2.027399014960837,2.003520856336024,0,2.25526126407353,20.034510505140194,21.380775008113986,70.18723031736593,51.30864500730505,16.162463818350197,4.396406826718221,37.321889969418415,126.5177488048241,239.9810105714577,815.7602201847601,14.590767627040671,1.4949237196872618,41.78897898358093,103.4272632215156,42.64412007346794,180.52013834880836,5.610362762588091,2.833985231932133,1.6101480329252085,0.6591356340323291,0,0,85.15204300982347,7.581976103932769,8.869994282769024,13.304360750929,59.55191616369309,169.14018048307912,57.94210776318549,8.157651387435742,6.09890291735861,3.7432165824085812,6.709423629692614,60.36516070387148,0,2.25526126407353,20.034510505140194,14.09283069107579,70.18723031736593,51.30864500730505,16.162463818350197,4.396406826718221,37.321889969418415,126.5177488048241,239.9810105714577,815.7602201847601,14.590767627040671,1.4949237196872618,41.78897898358093,103.4272632215156,42.64412007346794,180.52013834880836,0,0,0.4190621944623931,0.3713016894835699,0.327352645852163,0.6049691143549412,0.7563815246221713,0.6632826704985977,0.5183155587846452,1.0291428696882683
1,2011-12,10542656.943889933,154549.92126169382,14744.76821849898,132000000.0,3.03266407,7.138148037000001,7.935271202000001,0.7731495359999999,11.09979023,21.86394966,19.97003296,14.69583458,1.965837579,6.76056338,3.6559784239999997,1.108780342,3.4482836285151603,3.9679630831246144,0.036823112232489144,0.08562573318636438,0.11614042580944513,0.12790326675738498,0.15751864580533598,0.29681753016579626,0.4691550680753821,60.97352077980439,71.7246856155835,65.03320953416555,64.17970787544377,71.66266586196926,56.90454962259932,0,38.584862503158526,66.05901262780728,37.3834800971599,63.66523054194642,61.00425873489124,44.390591474200654,52.177234393085044,68.56666348629292,66.4480408338626,68.48916075886794,53.31831984275706,0,1,0.950134011326849,0.6055355005194802,0,1,0.6333122855706764,0.3177486498160771,0,1,1.0666897532471404,0.3483712637057923,0,1,1.234883858016331,0.48293437363999675,0,1,1.3619841480722372,0.2668618062871066,0,1,1.3234864706965934,0.28136167448466315,0,1,1.6652093573775266,0.49416399247679327,0,1,1.1886992166800345,0.4586442780180951,0,1,1.817348059622425,0.6540142504690553,1,0.31518820714779106,1.57933574942635,32.725739814896485,238.7447471274807,0.444,0.5882,0.1245,0.0277,0.0016,0,1.333,0.8823,1.5897,2.7944,3.1693,1.4822,0.45454545454545453,0.6666666666666666,1.2666666666666666,12.0,1.0,1.0,0.3333333333333333,0.5789473684210527,1.5680473372781065,3.9794238683127574,5.812925170068027,2.6589981447124305,0.44,2.7777777777777777,1.2941176470588236,3.046728971962617,5.945054945054945,2.997979797979798,1,0.05667185121043479,0.9110531009511894,0.9399659946106868,2.187511850941478,0,4.535245882138358,7.466836104188542,22.890954086432274,50.897101240280605,17.36415062555251,13.313835884824968,1.9515568963912118,35.01007081180671,160.40810607015595,389.6553873608229,757.6537293287815,19.072830826030284,2.798053100134708,6.750363742420556,98.6070667045754,51.11120903045165,232.84066937651474,13.907994304325447,7.2066560641244095,1.2583880064122377,0.5562993644046332,0,0,13.409067207569038,4.956748747340798,15.413672959787984,7.248457575145502,36.95088903440301,76.9417028012502,62.93493820855272,3.5583688170715497,4.821952887273146,11.953293743930596,8.420292053525014,41.73218131036284,0,4.535245882138358,7.466836104188542,12.734223208897916,50.897101240280605,17.36415062555251,13.313835884824968,1.9515568963912118,35.01007081180671,160.40810607015595,389.6553873608229,757.6537293287815,19.072830826030284,2.798053100134708,6.750363742420556,98.6070667045754,51.11120903045165,232.84066937651474,0,0,0.5182809493525247,0.3748542734752294,0.3255586129151102,0.6601897360705802,1.0235088466897946,0.5803173799905263,0.6136458171153126,0.6294710207578855
2,2011-12,10076001.282386847,135634.06926974465,11695.69431924764,132000000.0,3.03266407,7.138148037000001,7.935271202000001,0.7731495359999999,11.09979023,21.86394966,19.97003296,14.69583458,1.965837579,6.76056338,3.6559784239999997,1.108780342,3.572071507742497,4.186733018187981,0.03876667479489264,0.09358139935087992,0.11897016883916528,0.11370790322827981,0.15348490855769767,0.2933500149791129,0.46969458283449406,69.9146843664426,74.80432662364703,61.525309516602974,57.536355208837534,56.90285665070023,62.66607472777591,0,41.52601835366425,39.98263035045334,25.65875873126149,48.660557034426205,50.78731502731283,63.83568077729382,59.87666923268158,56.312423806195085,57.22165706390579,57.738710636881706,66.94261022434833,0,1,0.7740064764255622,1.6840377658871777,0,1,0.680403182821161,0.6679490129068577,0,1,0.9395786368948461,0.9229778016921135,0,1,1.220498718102691,0.24437268876763177,0,1,1.6325007902304594,0.39811854296943544,0,1,1.0385229804621097,0.28234824160452054,0,1,1.0667447465155129,0.5798788513197225,0,1,1.1884697435033373,0.5471883614200849,0,1,1.5715110929799507,0.5390286025994897,1,0.3518136389847168,3.6615597708899075,36.094674448622946,355.75020563128294,0.444,0.5882,0.1245,0.0277,0.0016,0,1.333,0.8823,1.5897,2.7944,3.1693,1.4822,0.45454545454545453,0.6666666666666666,1.2666666666666666,12.0,1.0,1.0,0.3333333333333333,0.5789473684210527,1.5680473372781065,3.9794238683127574,5.812925170068027,2.6589981447124305,0.44,2.7777777777777777,1.2941176470588236,3.046728971962617,5.945054945054945,2.997979797979798,1,0.0868728810199967,0.19931747895171112,1.7998858689225898,2.36733329184546,0,2.058586041217224,18.89853094329965,27.333684868222683,26.211721280839114,60.131826472087745,16.65178123002336,5.095954330040029,98.11931048724176,60.57774059317569,283.04619490577124,824.4451147928753,7.405116595803561,1.3369293899099726,29.392204080367094,101.3191202331265,82.78227102983033,157.02865346374298,10.46586130007607,5.843158552219409,0.46574284092436113,0.4701594571437552,0,0,80.16379045045089,0.8288651642568684,10.240943249798493,16.43524581428388,57.20983321712313,112.42917417305748,64.59739626064788,12.188842435014141,0.7024571223969364,7.48645273829466,14.40518632017679,31.484617371607698,0,2.058586041217224,8.801855490829325,12.851190439382052,26.211721280839114,60.131826472087745,16.65178123002336,4.223859022814128,98.11931048724176,60.57774059317569,283.04619490577124,824.4451147928753,7.405116595803561,1.3369293899099726,20.64676309919816,101.3191202331265,82.78227102983033,157.02865346374298,0,0,0.38008119845289695,0.20004969251756635,0.31068957183844026,0.626889078422941,0.35830263373011784,0.7134738780484092,0.5379853819556095,0.822399870838579
3,2011-12,10891691.671130918,134220.52303124845,12230.279255703315,132000000.0,3.03266407,7.138148037000001,7.935271202000001,0.7731495359999999,11.09979023,21.86394966,19.97003296,14.69583458,1.965837579,6.76056338,3.6559784239999997,1.108780342,3.1754318062983664,3.553377024893258,0.03738896395787983,0.08799148141562706,0.1168960838421367,0.11629556677010452,0.1570553457038756,0.3066185859388761,0.4697999501618784,52.83245636309446,53.16016211449438,72.9852209982276,61.266410756005754,52.62778069490525,65.20236632615205,0,48.298348807399236,44.249554976421905,9.709689143668538,45.48102832213684,33.99163684915817,55.38719639422741,67.21941992010873,50.310961792308504,52.93776825430307,35.56065832525386,61.10979177980106,0,1,0.4763818611426757,1.5431862445603473,0,1,0.7265582214487161,0.3341830268233151,0,1,0.7327352985535978,0.36634768255915084,0,1,1.751895634467974,0.3824579832737506,0,1,1.2683949505489542,0.3783815557617983,0,1,1.0610961071344884,0.22490726249086193,0,1,1.2286026994526031,0.6137587945866212,0,1,1.424368712751867,0.473390209954869,0,1,2.5005141135877635,1.040140325305405,1,0.2808092906862907,2.024896131736404,40.70603220939863,231.723827653951,0.444,0.5882,0.1245,0.0277,0.0016,0,1.333,0.8823,1.5897,2.7944,3.1693,1.4822,0.45454545454545453,0.6666666666666666,1.2666666666666666,12.0,1.0,1.0,0.3333333333333333,0.5789473684210527,1.5680473372781065,3.9794238683127574,5.812925170068027,2.6589981447124305,0.44,2.7777777777777777,1.2941176470588236,3.046728971962617,5.945054945054945,2.997979797979798,1,0.09110574662537646,0.48121865573826844,0.6772680673645205,1.520472628958492,0,5.124323957180783,6.525297403826155,19.931905284262204,16.040681795036065,58.62473203028293,13.629619440256267,3.289020627402317,91.26102814687297,124.81781781470669,60.12716279961508,827.8485988407881,1.4565908661359204,1.6572059651417967,32.20515538489772,42.52219188904412,45.757657671412545,238.40718916556605,14.354300526103497,4.355863143437962,2.0229990589767084,0.5485934900965571,0,0,105.12396980664704,10.72764907331825,5.863933719711035,15.486352681946338,72.01169689333803,109.33777646528719,55.901836576525895,4.270659368004307,5.398505499437715,3.8621979991188478,5.611715527070902,35.787110517465486,0,5.124323957180783,6.525297403826155,10.934513484167411,16.040681795036065,58.62473203028293,13.629619440256267,3.289020627402317,91.26102814687297,124.81781781470669,60.12716279961508,827.8485988407881,1.4565908661359204,1.6572059651417967,32.20515538489772,42.52219188904412,45.757657671412545,238.40718916556605,0,0,0.44878602986816263,0.38839366941363207,0.3422041217143184,0.5831988460025859,1.0758981324034507,0.6323783679244064,0.5048735563559655,1.1123590020647796
4,2011-12,9667327.532092398,171334.81629905998,12214.947737409118,132000000.0,3.03266407,7.138148037000001,7.935271202000001,0.7731495359999999,11.09979023,21.86394966,19.97003296,14.69583458,1.965837579,6.76056338,3.6559784239999997,1.108780342,4.5290840960571845,4.137322229200849,0.036430421794145726,0.0917220531625245,0.11618204326157489,0.1238072258499567,0.16077761501048163,0.29510973773332905,0.4672319462985468,73.80460897563681,51.319361344695025,53.83034800494964,46.62920843715748,48.98003418893492,59.29420860613779,0,41.72810707871885,67.22209885774193,23.365364448914146,36.85590407946628,66.75043799201558,53.173427436620315,54.519209039492544,59.96252153643906,58.73269208530207,64.53994088244185,50.465614900474606,0,1,1.1662621870853471,0.475538757272383,0,1,0.7746950201673551,0.42236657695639857,0,1,0.2431526034840291,0.5734383981134408,0,1,2.248093866888449,0.4923849916401213,0,1,1.411680649542806,0.32044157964468345,0,1,1.4970154602060999,0.23473014284793683,0,1,1.4068353573102912,0.5242951461768152,0,1,1.4839784964260034,0.52191812888393,0,1,1.505096294611472,0.6036837501771483,1,0.3120256801547945,2.95836957302665,43.385202716413126,214.63945619366413,0.444,0.5882,0.1245,0.0277,0.0016,0,1.333,0.8823,1.5897,2.7944,3.1693,1.4822,0.45454545454545453,0.6666666666666666,1.2666666666666666,12.0,1.0,1.0,0.3333333333333333,0.5789473684210527,1.5680473372781065,3.9794238683127574,5.812925170068027,2.6589981447124305,0.44,2.7777777777777777,1.2941176470588236,3.046728971962617,5.945054945054945,2.997979797979798,1,0.04559660459991931,0.2801008185642789,1.5392260606880717,1.970598522631483,0,7.399835537398232,76.04016840878344,16.48210221682021,60.02787024066194,36.7042355455681,7.464640761986679,3.476246659979599,50.906148663491464,173.69612645136954,401.5240178619648,772.3637908960401,11.593549552799296,2.454367427302043,31.92077292629,78.11321305895473,12.304437429234321,167.74439189622467,10.576120931735609,5.257379662929199,0.22767812925374742,0.7831697013816544,0,0,27.889769459876707,7.553748203873213,3.1844766220558514,7.8025632574589885,26.46800761177509,137.27625949428278,55.49959721734892,5.251290220009336,6.097489774432993,1.5178369522808997,5.398329534205508,30.82165318337643,0,7.399835537398232,17.31268329145172,12.908283071288988,60.02787024066194,36.7042355455681,7.464640761986679,3.476246659979599,50.906148663491464,173.69612645136954,401.5240178619648,772.3637908960401,11.593549552799296,2.454367427302043,31.92077292629,78.11321305895473,12.304437429234321,167.74439189622467,0,0,0.4493088136360218,0.3201144743024031,0.3177463941557454,0.603083416868554,0.4256579541363029,0.4581176034729674,0.570607526964409,0.8013041535112041
5,2011-12,10484329.019421734,140518.5055942676,18469.711942646045,132000000.0,3.03266407,7.138148037000001,7.935271202000001,0.7731495359999999,11.09979023,21.86394966,19.97003296,14.69583458,1.965837579,6.76056338,3.6559784239999997,1.108780342,4.0881395633753,3.732558493863089,0.04253539068255452,0.08683063864179023,0.11259153088816466,0.11818862973980003,0.16071214735756767,0.31049578858048366,0.4650184470037669,70.88872830436759,68.29008879858517,61.93186830706251,57.38639187793499,67.99497973999615,62.5456347542015,0,48.137096411163064,48.27845864749665,44.349055696768026,33.1445184620753,17.293005594136407,44.510072081462894,46.63240469452137,54.24914819925003,35.23227382944962,58.957544470667074,59.11787989892984,0,1,1.096570274489037,0.6124627967701105,0,1,0.6452962891429116,0.41417459166321907,0,1,0.2040656312700193,0.5974748442506688,0,1,1.1271416748722047,0.24180269040985525,0,1,1.3173893774550696,0.3578565699893029,0,1,1.1737174404356503,0.30230852429262495,0,1,1.1490957509181718,0.35471376988742537,0,1,1.237382954150359,0.5646596554753368,0,1,2.1905784720385673,0.5015233430348941,1,0.2082557038549007,2.1067276868906117,32.99893786159389,154.87902677334532,0.444,0.5882,0.1245,0.0277,0.0016,0,1.333,0.8823,1.5897,2.7944,3.1693,1.4822,0.45454545454545453,0.6666666666666666,1.2666666666666666,12.0,1.0,1.0,0.3333333333333333,0.5789473684210527,1.5680473372781065,3.9794238683127574,5.812925170068027,2.6589981447124305,0.44,2.7777777777777777,1.2941176470588236,3.046728971962617,5.945054945054945,2.997979797979798,1,0.053395404974681454,0.19262026548544578,1.0514687401022669,2.773632582868627,0,6.483200337886393,14.904565739974121,23.741529222059302,65.93073895033153,27.06250356651846,6.6450390332662295,1.1931785172949354,66.01422653661086,224.421713490686,246.5319217289807,1143.9118658466882,9.706600427476213,1.8112556972775888,18.992908028377457,93.21675244282733,36.34661151617894,88.20482172180911,5.766956878820949,3.1731746348185066,1.5702762486282813,0.6643525037577591,0,0,14.583647084887344,4.07485388506325,3.3623191404396637,13.530730203473203,63.34277524791801,204.069811336928,40.79255238963578,8.87415607472418,3.9493653272732776,4.984378683978971,7.653556858877366,20.87828920456933,0,6.483200337886393,14.904565739974121,15.7727443817131,65.93073895033153,27.06250356651846,6.6450390332662295,1.1931785172949354,66.01422653661086,224.421713490686,246.5319217289807,1143.9118658466882,9.706600427476213,1.8112556972775888,18.992908028377457,93.21675244282733,36.34661151617894,88.20482172180911,0,0,0.5340765704839234,0.3513934363235717,0.29629020285699015,0.6272340459186923,1.2121305765276584,0.6499653751755435,0.585560995765626,0.970568128661236
6,2011-12,9409610.131460635,151194.31775355246,21626.934044171234,132000000.0,3.03266407,7.138148037000001,7.935271202000001,0.7731495359999999,11.09979023,21.86394966,19.97003296,14.69583458,1.965837579,6.76056338,3.6559784239999997,1.108780342,4.4718523501456096,4.689867607750806,0.035416008535661334,0.08516628306676155,0.11394401387471197,0.12198582607489783,0.15862985822207895,0.30533527742164884,0.4711845730535399,74.20828677144327,68.90797733313975,53.370353522082596,52.016820204084226,64.96119892059329,50.30327509705301,0,26.845522717846393,50.359640771705436,40.53939236878696,44.27737964063694,27.872867244210166,53.14820451684096,52.095248805373416,63.11139663128513,38.45675961213279,54.46833704145183,49.31069670413626,0,1,0.7149401665004658,0.6932000771460498,0,1,0.9557355419037512,0.5206873052185944,0,1,1.4007718131417697,0.5835492690069184,0,1,2.0251215247433514,0.3808441226191344,0,1,2.2068275927328695,0.4744584887153742,0,1,1.185258496929001,0.367647789255103,0,1,1.5239882968474523,0.6355846528255008,0,1,1.2228173715236004,0.43588291143676894,0,1,1.7083659249936607,0.5913957563504586,1,0.1668946675416292,1.5796552232705392,25.840650968265958,363.18352913591616,0.444,0.5882,0.1245,0.0277,0.0016,0,1.333,0.8823,1.5897,2.7944,3.1693,1.4822,0.45454545454545453,0.6666666666666666,1.2666666666666666,12.0,1.0,1.0,0.3333333333333333,0.5789473684210527,1.5680473372781065,3.9794238683127574,5.812925170068027,2.6589981447124305,0.44,2.7777777777777777,1.2941176470588236,3.046728971962617,5.945054945054945,2.997979797979798,1,0.08156615562381384,0.3623533185178932,1.2742067244254438,2.640602075652449,0,3.286381939775768,70.04009571239528,15.237375125376595,30.909849306726123,46.78265851110713,23.094164146726193,1.0509056904785319,61.45698171627134,58.04593952564362,385.64566974062285,469.6187755449341,13.36290955643728,2.3519155753749357,28.928421100989937,43.80958888504205,53.10866027333464,97.71802254582796,13.70974976377344,6.671010771524481,0.24785005879884375,0.7367023358994149,0,0,58.35455535573541,8.957181157922538,7.269175573220858,21.87256930442888,27.723239312267612,114.01843960481408,61.43470351860803,2.0006283265152605,6.782003124413992,3.952405360922254,1.8791619422188048,60.44352417571589,0,3.286381939775768,17.359441840593817,11.225409847840577,30.909849306726123,46.78265851110713,23.094164146726193,1.0509056904785319,61.45698171627134,58.04593952564362,385.64566974062285,469.6187755449341,13.36290955643728,2.3519155753749357,28.928421100989937,43.80958888504205,53.10866027333464,97.71802254582796,0,0,0.5307382657584616,0.32145593235955244,0.3194320022094387,0.6141283015811186,0.9166065000413905,0.6334085444361273,0.5074912457370879,0.8589426367790947
7,2011-12,10438210.357298417,171980.49626264948,13883.343370329134,132000000.0,3.03266407,7.138148037000001,7.935271202000001,0.7731495359999999,11.09979023,21.86394966,19.97003296,14.69583458,1.965837579,6.76056338,3.6559784239999997,1.108780342,3.372328448756509,3.962222528029118,0.03789458255317629,0.0917524540000084,0.11793906906927357,0.12323080786973427,0.1571683146014432,0.3041037123558003,0.47364464081344637,70.82574155351674,66.55189913055403,59.935699691183316,75.91763242856112,58.408932372139205,61.96668072349956,0,31.967503523195923,38.28743223896356,25.585822762041744,53.90016450703713,31.95581260826504,55.895735085357884,64.47074351236799,68.10241768761003,55.02764427751667,52.717479630568754,54.76478574079063,0,1,0.6047548164166254,1.144241359487793,0,1,0.7115722072899079,0.4857917284720668,0,1,0.34080293735300365,0.3021161970512388,0,1,1.1648211082713043,0.5696160203680344,0,1,1.9143302540868694,0.4989721048620031,0,1,1.2522069702992198,0.3694755757144904,0,1,1.0178063164617421,0.5264339470028443,0,1,1.2322189560684462,0.45784038959651163,0,1,1.6894444545620986,1.260152268097609,1,0.27122738567388566,1.5963643373101661,29.98020485405113,252.43232778911604,0.444,0.5882,0.1245,0.0277,0.0016,0,1.333,0.8823,1.5897,2.7944,3.1693,1.4822,0.45454545454545453,0.6666666666666666,1.2666666666666666,12.0,1.0,1.0,0.3333333333333333,0.5789473684210527,1.5680473372781065,3.9794238683127574,5.812925170068027,2.6589981447124305,0.44,2.7777777777777777,1.2941176470588236,3.046728971962617,5.945054945054945,2.997979797979798,1,0.07897737103369093,0.27065663972297954,1.4432505797920963,2.4909148533580594,0,2.6506567500839,16.97306604065646,24.047752608107658,11.519761449106731,18.77251521841569,15.68721733438828,3.604823002041187,15.15712080496962,159.546907994417,333.14360073590353,296.9126252018283,17.29635999247056,3.781325608060142,28.64147897467329,64.97728568029538,40.92522373602115,246.13480925437008,19.90797495383465,2.618227914190669,0.6911551443417208,0.9861074026414965,0,0,67.85330407809045,3.4884692098965937,12.646941573940396,26.079764313633593,26.950672359182843,127.79147669738549,31.966784215512305,7.822446994888941,1.6030217576409977,6.439554801234598,15.123865573997673,37.89089780406401,0,2.6506567500839,11.731021909251474,23.713666863746315,11.519761449106731,18.77251521841569,15.68721733438828,3.604823002041187,15.15712080496962,159.546907994417,333.14360073590353,296.9126252018283,17.29635999247056,3.781325608060142,28.64147897467329,64.97728568029538,40.92522373602115,246.13480925437008,0,0,0.4797863564660846,0.3515247259592634,0.29749204963261866,0.6414067595186467,1.2773159873966293,0.5424937855195067,0.843591397434153,0.9014773788108024
8,2011-12,9270458.33497015,166655.12465034612,13884.046498037153,132000000.0,3.03266407,7.138148037000001,7.935271202000001,0.7731495359999999,11.09979023,21.86394966,19.97003296,14.69583458,1.965837579,6.76056338,3.6559784239999997,1.108780342,4.450861003026826,3.5526983982009455,0.0382465837874935,0.10176688343541113,0.1155477877352605,0.12039671011889455,0.159209451611968,0.3036696715034442,0.4650019326264129,70.55926483021175,62.57993138318268,56.75887203792212,66.35228643000272,66.48175035654586,70.66776843884107,0,57.730693414461406,42.64944540737294,24.72325438703701,57.2719501036919,59.44315560436681,44.170029161676254,47.64638620439518,71.25239108381442,64.02721686128794,61.52315958316545,44.41982530971831,0,1,0.7105014008327551,1.0025575055285179,0,1,0.5953341344671751,0.47407820304315706,0,1,0.25929493246054086,0.31614392238727185,0,1,1.0710131049925664,0.45476602482834766,0,1,1.0005817448009415,0.31883013333303967,0,1,1.2211708872452276,0.30950614575735563,0,1,1.2259322288142136,0.4048557569519172,0,1,0.9837469859638746,0.5454737650390528,0,1,2.123103151257429,0.6811909123396104,1,0.20734778216039018,2.579963166136488,30.246597580216616,195.7283998560675,0.444,0.5882,0.1245,0.0277,0.0016,0,1.333,0.8823,1.5897,2.7944,3.1693,1.4822,0.45454545454545453,0.6666666666666666,1.2666666666666666,12.0,1.0,1.0,0.3333333333333333,0.5789473684210527,1.5680473372781065,3.9794238683127574,5.812925170068027,2.6589981447124305,0.44,2.7777777777777777,1.2941176470588236,3.046728971962617,5.945054945054945,2.997979797979798,1,0.04751379291446926,0.4457060942649387,1.414696834320975,3.9736702436773688,0,2.899195116557965,0.7630465188928149,56.75853010245853,16.2782025419475,32.664216653471264,12.174525651046588,4.507644777412367,66.64740813091352,99.88188340344507,305.9418570467867,676.5497836493613,5.797982170019037,4.6616579010407655,40.97935381909407,74.55774921472513,36.25099290802044,293.07034163260255,14.360697141387263,4.287990191235624,1.3341372612121276,0.2860778450597137,0,0,62.371806223380425,10.682926363572175,9.21466135474686,22.256731441880326,61.642879440846514,111.16979018754763,25.45460010200658,7.535162556478486,8.318843258810734,2.4807988688296363,7.003878116369526,50.11128252362016,0,2.899195116557965,0.7630465188928149,16.237357980468225,16.2782025419475,32.664216653471264,12.174525651046588,4.507644777412367,66.64740813091352,99.88188340344507,305.9418570467867,676.5497836493613,5.797982170019037,4.6616579010407655,40.97935381909407,74.55774921472513,36.25099290802044,293.07034163260255,0,0,0.5053202785730971,0.4086034127453616,0.3339586970990587,0.6210974752518409,1.1940867087625038,0.8254775777849934,0.6947508575005111,0.8247383513263152
9,2011-12,11038956.451003717,152769.57127155145,12253.14714342342,132000000.0,3.03266407,7.138148037000001,7.935271202000001,0.7731495359999999,11.09979023,21.86394966,19.97003296,14.69583458,1.965837579,6.76056338,3.6559784239999997,1.108780342,4.813717989408312,4.1047650092658134,0.03475433216510609,0.09381799872294515,0.11592482236501522,0.12631252380202232,0.15727685131425123,0.30053755340410204,0.4688220841496672,60.464874229049954,45.57446574974925,61.686591951814975,55.30887359895774,57.456494111731104,68.1530638860704,0,30.13788510558713,67.44041489157904,26.24122340849268,32.87663571426879,58.30979230755595,54.04932155164185,46.82314448234115,68.8168829180645,70.71507537313353,43.31864929241053,47.35329454694889,0,1,0.7323836190014785,0.7921289044076081,0,1,0.7821486474138983,0.32544540769849206,0,1,0.33723453741131504,0.5711071633777819,0,1,1.6615311073833976,0.4791797367354254,0,1,2.0226934372474794,0.4753569080341129,0,1,1.0944432337477856,0.2985716670961624,0,1,1.337272323934325,0.4953062960454991,0,1,1.296267613817891,0.5515624155855957,0,1,1.5048803894004132,1.4867433716470622,1,0.35606671899477516,2.208594878832964,35.11227610582983,458.8575317623529,0.444,0.5882,0.1245,0.0277,0.0016,0,1.333,0.8823,1.5897,2.7944,3.1693,1.4822,0.45454545454545453,0.6666666666666666,1.2666666666666666,12.0,1.0,1.0,0.3333333333333333,0.5789473684210527,1.5680473372781065,3.9794238683127574,5.812925170068027,2.6589981447124305,0.44,2.7777777777777777,1.2941176470588236,3.046728971962617,5.945054945054945,2.997979797979798,1,0.03388658444723232,0.29656791730697935,1.7403907469858466,3.102893565226907,0,7.728936918320915,25.05346271593962,73.0200828736226,16.345146692389967,29.705327380987427,4.40263960959087,5.423464600282326,78.95651369902079,132.74719326336714,183.91377131959484,1003.179020869112,9.450325104429297,5.157445084851625,16.049125797829603,104.80249680833154,46.4419669024623,154.20722157854368,9.790762939068099,2.7846693633422217,0.3814402667734751,0.34397362420087246,0,0,30.69450540526557,4.180025254964122,12.232451321091848,24.086910243390626,35.109397678137796,141.28862922268647,35.117093585926455,7.844833207736683,7.288251935243775,7.595164188504813,11.515603814781624,26.698234060512977,0,7.728936918320915,9.55639950196732,25.116982545488025,16.345146692389967,29.705327380987427,4.40263960959087,5.423464600282326,78.95651369902079,132.74719326336714,183.91377131959484,1003.179020869112,9.450325104429297,5.157445084851625,16.049125797829603,104.80249680833154,46.4419669024623,154.20722157854368,0,0,0.4578263101204704,0.21988677194319164,0.3187783953285628,0.6305436491353876,0.9821497229285236,0.8714393061150337,0.3538761376585866,0.8332431853239993
